,cluster,rank,cohort,best_time,xp,achievement_rating,TL_games_played,TL_games_won,TL_play_time,num_records,time_played,final_time_avg,pps_avg,inputs_avg,score_avg,pieces_placed_avg,singles_avg,doubles_avg,triples_avg,quads_avg,all_clears_avg,finesse_faults_avg,finesse_perf_avg,percent_perf_avg,kpp_avg,kps_avg,final_time_pb,pps_pb,inputs_pb,score_pb,pieces_placed_pb,singles_pb,doubles_pb,triples_pb,quads_pb,all_clears_pb,finesse_faults_pb,finesse_perf_pb,percent_perf_pb,kpp_pb,kps_pb
0,0,14927.071687194004,8.955747515898532,8956.333897541599,2685161.8182750233,44.76811774262664,1689.0128680933128,728.7182308127417,641690.9770814206,127.0361460968028,32965589.525217656,16475.944018609916,0.6067391279518503,38.24176279141498,3495.5686051061243,3.3482493090085454,4.768947059506623,1.2519976826282626,0.3672529791428735,2.063705813812873,0.26334819678174903,20.390863207375137,10.74318916212849,0.09783170710547187,0.3204393477519998,1.7404288017313423,8921.688388069093,0.7741793251043196,35.70336646468922,3618.393239358761,1.9916526029804371,6.278468181134759,1.8003128868402802,0.7646538862817837,2.76595040354119,0.3977303227673237,18.50140642549182,10.14845058243382,0.10082672109139774,0.3274070808009944,2.072868304382073
1,1,13432.519518970563,6.467721761903189,6463.087460032905,996458.3403571044,17.542534581781766,600.6937989838609,254.3608627684267,281792.9147144858,41.13182111922828,40639288.73324722,9248.98432701457,0.44344035889009265,39.03757668732218,2277.4312226810284,2.917183435364746,5.255615762981837,1.523659625109982,0.5049325753839636,2.1771548860700585,0.11865263787348455,23.810846358589473,12.022579409877853,0.112715583496288,0.33932892460587827,1.2677405729944373,6058.660087005824,0.5085494186696676,36.471202232998415,1976.6037231405617,2.5525033215624844,6.48262975790161,1.972901670529223,0.9030056847042957,2.6148751859261776,0.1811047427997413,21.503320264630744,11.722653628518069,0.11305667712896866,0.33375068484345194,1.4059389684791026
2,2,40058.874673180464,14.670369586226194,14703.063242556049,8561143.97808062,84.74873729226181,7902.997135602584,3328.244499189532,2236745.9750083173,263.69574857909015,20783926.605992682,25002.623289633946,0.7871967516282804,39.393493858389924,5391.988572857784,3.8102404960452447,5.180433560411988,1.4951555593401231,0.5096030199987133,2.1651527564550936,0.696622897180914,22.76943355644258,11.119710665050112,0.09767611533910199,0.3285390698166544,2.2314902499881653,14702.182297666599,1.1805709003273974,38.50763569098472,6906.996211018388,1.741892743871882,6.8693154244907575,2.1654380160116453,0.8952414171048042,3.1714238867388898,1.3492510389214591,21.458802794769632,10.66463968915982,0.10744514723384356,0.3617552181814764,3.1763013867679817
3,3,57441.54046520162,16.825120786686988,16820.855944804327,4306742.1657152595,58.55705150889936,2845.838571287607,1233.334559080656,957359.3358866747,170.46115801509706,26983263.904138863,23208.213968965556,0.7464536596642714,41.690791777597966,4007.91646733366,3.759286928617378,5.302823214498154,1.602064417164162,0.4728135147491694,2.264736195383109,0.29641751024502155,27.52921884177033,12.15310154139584,0.11073549358764095,0.3415833919756764,2.2049307921891157,16825.597985362532,0.9820702847402389,38.69921814805667,4499.028126203195,2.8000860671983414,7.291089171060872,2.174265065150065,0.8692235322673766,3.15827080928936,0.6227002713203419,22.686598910222006,11.244935325358847,0.11242447113458111,0.33895553920708066,2.7589410957417426
4,4,36942.41104332636,15.467840238140974,15433.439389925188,7643592.957338427,54.07654438905305,1845.7542479502874,958.538462574504,1304587.7522639886,1340.5040557452214,46768228.22568775,21372.107987404037,0.7576122712801127,51.334709589383166,2817.8726937857527,4.45225134516072,6.40183261305804,2.084796200751387,0.553232123987874,2.5338618938513386,0.05788835730535595,37.96969515883588,15.683284531144,0.1491838734003636,0.4199548339454978,2.150757082016844,15070.364010637686,1.0766904761773433,39.081580686809374,2762.433092771808,1.5376068073072358,8.427781439975766,3.019756376171524,1.1165727445525218,3.551803221245369,0.40783149781771993,29.70588480144523,14.381386779941833,0.14250270177985605,0.36905893048709265,2.941078278899798
5,5,30189.903403999517,10.635793450750137,10624.323430264989,1269521.2112154372,26.476194560791797,770.0775604555308,345.44187565466336,329150.5963928106,86.14504352391745,40340620.15797482,16998.388402056673,0.4042175032989558,43.75509307843697,2435.500136734109,2.9657679135283495,4.968610891906333,1.5235165514858304,0.46504953679969896,2.160165681615198,0.14331381122588008,28.276424638309994,12.12557729987323,0.11381751912724233,0.37126560523208785,1.262079270516091,10262.284433241794,0.47714097699189806,37.54820141464871,2353.4953506794095,2.3193567835081734,6.795915372009464,2.143897616387412,0.9355364615462527,2.8388469278674737,0.22415504469345662,23.92762395404702,11.601740311398029,0.11396860033687548,0.3435190013206102,1.4168245480618509
6,6,122213.3379120582,26.71602317556796,26721.615012572893,3123834.4830832593,43.48509444175265,2206.1418297327505,1022.6894549796348,939763.899215896,32.87148770869817,34914949.50115427,32913.26794061609,0.6680470731799425,32.82045749172062,4137.913763799526,2.9609133166951263,3.1207109570243974,1.2014962015471224,0.4146751806628432,0.9660458393562589,1.0397046881354512,17.89278677849881,7.832932063604505,0.0735454348437998,0.2710251192173274,2.341722576954298,26694.108327930342,0.8195675527759483,33.73008224668819,5093.646018010046,3.4750403431444843,3.907885413538674,2.1003948957371588,0.8706776701083577,1.1707032660160803,1.4240267154324755,15.007283776084433,7.650771842371937,0.07211303015110998,0.2739562955290406,2.831555231197091
7,7,85890.78902455443,20.23154164948368,20229.983509507754,2792951.9266003207,52.26538574186133,1890.7935652766844,847.6559250390728,792601.4719289079,95.92078601607072,34386151.21266903,34072.312591213544,0.5542810350691831,59.5887707417041,4610.415503323524,3.4768261354988574,4.131381497613254,1.2060573671697807,0.3957927664585161,1.7713858499558721,0.6965597060101939,45.15329885262102,13.953137386893648,0.12918842126350905,0.49333854897156637,1.8059458025912767,18664.795473869006,0.7330100016514571,30.37309651181414,3983.341761601104,2.026083755577588,3.4531560043723113,1.9396630891493203,0.8321413170836027,1.0583720892436368,0.8821705345742432,14.79122710961751,7.403672685280545,0.07233274204758983,0.27283075816968133,2.527001207555291
8,8,27577.776764731316,8.056072884493512,8050.220560996388,537351.992050959,10.88125237844717,384.3997553851057,173.88007443872502,166569.71317984164,24.065287760957027,39405830.10136099,12599.344059818046,0.21105881855947728,39.38834549703259,1811.1404359369549,3.36433772815327,4.863996224922274,1.120013537374373,0.499878265195538,1.9545732202017672,0.1157968371401832,25.574904416587337,11.494956845715166,0.10521364184232082,0.3283095905445089,0.8084866164228508,7972.055877719878,0.24158278275774528,34.942352280196,1679.5836373930747,3.427379617342079,6.207402538764661,1.3904214075148271,0.9028753410806428,2.267054169372431,0.17036245560950608,21.946556947175406,11.143023207085447,0.1048466596446129,0.3028102473987719,0.8863729894801436
9,9,77967.17420984618,16.807684503736343,16805.591430379478,1827204.4400626898,24.68880473976453,1458.3160932514588,696.924675686633,462248.4344357803,31.123519934346074,29709445.58935429,23581.56776284709,0.4040277575941362,50.26428927443301,2248.299896660032,3.168335433724811,5.380039729854408,1.8232312468524832,0.5595838996550598,2.3515173502723123,0.1540285747989393,34.57387248654824,11.600483766232085,0.11190861369853045,0.41257957733779527,1.2998914532386807,16664.51016986384,0.45037146676125117,44.26425271973401,2348.8576192477503,3.061460436574835,7.278377853928118,2.5836620296859483,1.077054305916001,3.078875249308783,0.2569066192006486,29.68907242193875,11.57315573793278,0.11364694105728648,0.38400636644916897,1.4182150031804015
10,10,26674.546461826583,7.782965087253727,7775.139385878437,492036.58388178534,8.780729754531054,343.0446995840375,155.0311037553608,161493.0967092816,32.02738211188168,37312553.17621609,11701.995506654863,0.20687657857334585,42.04819411553729,1041.12976836468,3.362139201751711,4.886871499047071,1.4750032878509534,0.5867117313488804,1.521162094032859,0.05828979123323332,27.63163861876774,9.996288423388771,0.0932535602303427,0.3541794156668245,0.7463863015177922,7756.087381403335,0.23225119122482404,37.153419900702204,1283.398072838496,3.121660281612475,6.682259316363112,2.29693456141482,1.2065626979745212,1.9491850402049862,0.1273578268875365,23.90221005011653,10.009936873908332,0.09544759450347873,0.3275133309950757,0.821093748639496
11,11,81388.00733753353,19.357194427512145,19352.476801497418,1623742.4603552392,29.515189850379265,779.3331417273075,371.4231807247399,516943.91237607616,338.7022596022377,42427158.90225662,27971.494810144253,0.5209390983768991,68.26394268525895,2377.755444284033,3.551183374064883,6.141361485384061,1.9391038411313246,0.5172140789800054,2.490212922732474,0.08358834427034063,52.55208307533785,18.00869082696732,0.1712282474442824,0.5841538117949054,1.5243732086647337,17709.099576468434,0.6623848702369349,48.7823293604971,2541.3988745442275,1.8067495085833556,8.269680754523451,2.9249945170311444,1.165960232696547,3.3195284207036795,0.2584606327028283,39.51698976414415,16.638643959111725,0.1630157004012923,0.46816298865203554,1.8434412196383543
12,12,148132.80107264814,29.17078442927582,29168.872025044147,1313529.748835191,27.87493203020585,1054.4224719831384,488.9391555013663,405780.50704274466,47.25839537105838,37551566.01295323,38077.03020593386,0.49968274744845864,56.29398570657563,4812.819929545903,4.234307801324246,4.314431504236915,1.4297068095639183,0.5400683199805523,1.8912226612449123,0.6818158172035813,39.91940545936715,12.713045125524523,0.11979116105985527,0.4553967177252597,1.7058095281317995,29110.921795432776,0.6292269780902611,46.66041246204737,6289.933955713805,4.202126427674169,5.3915134342878,1.9837887936865877,0.8534573283268488,2.4191379498827112,0.7859823174634458,29.474705800510087,11.52867507762193,0.11223328451870955,0.38386953351651837,2.1603881883115568
13,13,46533.04588760609,8.753583419318337,8748.184638869061,334600.60962003673,5.474959847416138,311.94479907107,144.24902788724512,101132.71603681917,11.352707744211674,35260000.501722276,13367.021358433458,0.14162587273779312,39.96490304187077,1075.4288565261816,3.2349399656744784,4.113145989940976,1.1410782117395812,0.5978946194053144,1.6631778118753142,0.0537776042372448,27.525836592793652,8.112681645277322,0.0730461665934521,0.33659231254224475,0.6128704476805432,8679.392967956628,0.15892551828576984,34.28852777500935,1309.3439195641456,3.473382303307288,5.473007495122682,1.4356754411783448,1.1468623415180712,2.089976128164795,0.048192251862255314,23.01411471114275,8.056794983451358,0.0744084552459177,0.2942528685739653,0.6649294892664587
14,14,102178.403960864,17.795364728749007,17793.02403092377,837286.3706801293,13.670313807275466,683.1036210037431,334.5472494181191,221673.42889860526,14.140769074102403,29795236.111785863,25300.84603847911,0.26133550177220916,57.0796394682042,1610.7764424361544,3.2513156264478176,5.115492315362634,1.6423943877226996,0.5721721441050672,2.068568098146725,0.09692442193671837,39.14294551740621,11.015372668807311,0.10451554899207781,0.47734273794629334,0.9341230268062007,17745.13614635742,0.2877461866201936,48.61462633418105,1791.2153458971845,3.475496989326132,7.356793122591779,2.554199288040608,1.1811150377272959,2.887792351882125,0.16592771881415594,32.72696414494512,11.134971214841885,0.10701104910741824,0.4280929777657183,1.0012178217372536
15,15,102039.24001915584,17.091211811439617,17090.685979221533,581808.191201371,15.133031993720987,427.98495574331247,195.8900833034956,152602.0963902498,85.63095703032195,32050485.958831,24792.414836587915,0.21725535247818328,58.77718706929048,1563.4953192046787,3.2681542666634775,5.3253004615526285,1.5542392218607433,0.5558492324945774,2.006651172153094,0.06680899059784032,41.735829614579444,11.807522649351709,0.10931699830404504,0.5023127035051067,0.8349255362911606,15548.579400834684,0.24414039834729723,47.42706273092698,1771.624928389356,3.4234722154811106,7.8367141005245315,2.4813383027792004,1.197100433963914,2.9378860918532954,0.12339271711121205,32.093904806983346,11.344478281270565,0.10828019256675023,0.42445424796761755,0.900135430618885
16,16,59068.62067620706,9.900204883825793,9899.56422165305,310414.07729161024,6.1859616235186925,267.48175442366806,118.52575256513714,95643.75585728957,21.37761074579745,34200661.82014393,14372.334998114033,0.13301227975356547,39.52748753217655,968.9806578380209,3.341946133670993,5.259436042344236,1.1562800633099568,0.6100750146147887,1.5213917628526825,0.04801821843085091,26.65022802733902,9.618201967728488,0.0879026711891017,0.3380554171217579,0.551109484656787,9720.397599302776,0.14773488081620303,33.976365682101076,1132.5325137750951,3.162594231689592,7.353940783709454,1.8283247266349962,1.240333627008992,2.004251368586508,0.04816511326250105,21.519177017981104,9.146649665247976,0.08561799442811971,0.3005155778599649,0.591954437636653
17,17,65210.7366355496,10.338296833442202,10334.478300554907,352225.8463086972,5.823531334197462,380.65542801265576,167.20651730524523,103265.6085431073,14.431809283020826,27591345.082964797,15002.859475591307,0.12771293398249728,44.41377738871059,787.6400625767101,3.2639062481655685,4.730771058157284,1.079941779652997,0.5715544760672981,1.3452982047567676,0.04087492465715347,32.319275467061864,7.948253684194719,0.0718082370025838,0.3768334270381243,0.6103174534550134,10270.102878544702,0.14156908888080383,38.49504569472047,946.6490115626341,3.0930316007978838,6.837153370035146,1.8472702630767697,1.224958743350196,1.837310724921864,0.02089170448305561,27.724519363310268,8.008482992188188,0.07482280319944191,0.3445347900225376,0.6459254467495873
18,18,109266.79791199078,16.019015206987767,16016.779261603297,267073.95430940087,6.709393399425537,251.9086909244686,115.20024074206094,84578.10741604507,15.194225694038604,37638071.0791446,21398.27414280024,0.15000935674000954,45.36090245270475,1751.2276853977148,4.279039876578951,6.210816857740154,1.2876629685889611,0.6748812998205714,2.344825052688919,0.09309586762450443,30.381473366508985,11.19577582572229,0.09939601477683338,0.36677697705741347,0.5861639656116563,15753.170944962347,0.17002542503106932,42.76438009888057,1653.5912608553501,5.083953631397948,7.521472483456665,1.4761796590167686,1.0140363814565823,2.6947213625100703,0.05533884706392752,26.058757591782847,10.814486730647376,0.09803759158341592,0.3354181558495769,0.6247175826905385
19,19,102708.01708683363,14.89489112161758,14891.84743344665,269860.0318252023,5.377123722056289,257.92467102807524,110.30081082161409,78726.44402308433,11.729666499701771,33582253.63112006,18295.143095083524,0.1412538445982876,42.28553632656874,1027.0206153301563,4.085618566299836,4.207000041853292,1.4374723374601701,0.72373456995398,0.9296238796648012,0.03870128537467524,28.494563433741053,8.834676794245542,0.07683997219669965,0.3505827615363567,0.5923012897586686,14867.215647735498,0.1591400486440967,38.736632317773186,1184.332911503166,4.2991878125965615,5.086455103115173,1.7695422813194777,1.1821205340735348,1.0697867531020189,0.018318240103987506,24.491909118064942,8.74242806250051,0.07761392835264147,0.32275599293506846,0.6298894913292801
20,20,275795.2885016787,50.57662602320286,50577.37327389572,845323.6698024751,17.435467156952846,603.3730375764472,261.05615442997106,204398.1185106411,21.253321525539604,38852403.90328429,53493.80189541879,0.42289450214023266,78.8771834268691,5708.386093217448,8.734433694696822,5.4342786815505795,1.5109251938322854,0.5693793579606246,1.7836449336677933,0.20624722550443164,49.06111350604242,16.253318413530472,0.12668996587261544,0.5719506097518929,1.5399536493935002,50514.98706803487,0.5112784033741506,78.37461662080793,6294.204786320338,10.264101019327862,6.2496855120807115,1.6218789861275842,0.7180492852128834,2.6205813599739063,0.2557778588284999,37.27744045330286,14.942273200056867,0.11266671311611916,0.5042482161204086,1.8485770825224284
21,21,91635.86227045646,13.01140288831432,13007.590335726005,190385.16198915985,8.317240044395229,207.92211092194668,88.8996443615924,57626.82589047025,26.623593410331196,18923129.683045417,18687.661229176505,0.11083782325577518,42.30113988261514,833.194809498469,3.542370226084752,5.3919998975878505,1.090264259271534,0.6599833001717648,1.4732625253133185,0.035655423410861316,31.74622322486595,7.972463384072704,0.07150259949256393,0.354057263662596,0.506701626425547,12468.059785361176,0.12399515235082706,34.40046618123557,1025.0992477983677,3.0592097967602534,7.600009250161004,1.7748719903080294,1.2614519593665658,2.0192840367575124,0.0,25.107121362339893,7.7068442624732825,0.07148331919623628,0.3078613819336633,0.5372770660653843
22,22,98134.19242643224,13.76645668052702,13761.693729615447,248340.75899958654,5.468388046359741,281.680635554373,127.08280371117391,74728.95448528284,10.690907809766578,35245783.78703767,18638.86341025797,0.11445555766113896,46.05608925896587,1188.523732155492,3.7676974477849434,4.156272425254129,1.1604280290258315,0.7203368184788924,1.731343379960954,0.04910915839510108,34.364958911149934,8.128548805729531,0.07078238993499958,0.38819845767853134,0.5901836569151874,13606.617546489217,0.12936144787680903,41.58520938394982,1343.194770161219,4.368763302566214,5.001135665855179,1.3225346155649667,1.1808601682902657,2.053059805418884,0.0,29.80199452233622,8.259041728004991,0.07356381671828613,0.3506386134643677,0.6301192278508901
23,23,89229.757265925,12.492026084767467,12490.239363851331,274774.2290182019,3.8351707331743583,294.80174641589974,124.5913825564241,80138.35644164059,9.765961776614823,21950677.864044253,18043.105778135396,0.10121353401695893,39.19086780823626,930.2532330343744,3.323013522794226,5.450577927632668,1.119817341764986,0.6615027468798823,1.6039672748508356,0.04271541350275503,27.39916742204556,7.8863775457203635,0.07077467638748038,0.32968714958673767,0.45029404114141747,12336.052081958425,0.11363540175177365,32.19067543829214,1175.3748764237864,3.140599074182428,7.915235362917846,1.683771959852431,1.2834350046125003,2.2560150362316986,0.0,22.053095578300372,7.652864924274156,0.07025437143673981,0.28584094377596825,0.4788163250171225
24,24,100968.23255462332,14.103594057711026,14103.24888044137,225835.64633060238,7.716250851976701,258.8196276429777,109.76214988524997,67243.41416429228,22.458968420502586,30814543.68382558,18605.856146752656,0.10510020379693895,48.26062030151503,819.7723135373996,3.880774555592274,5.267815012635422,1.1284501679043888,0.6558965116428861,1.4715487695210059,0.03300645267968689,39.422925873990216,7.372646564090689,0.06554623775359082,0.40490144332261696,0.6319148633827173,13746.848191103803,0.11717005321097108,43.762818337687094,1074.173482999379,3.6576752307423166,7.5147698566912,1.8938481023904017,1.2600772157051383,2.081570119362874,0.0565039087531761,35.32666827110719,7.787367496468514,0.0718586715384812,0.38824902221509594,0.6696732769639577
25,25,238037.89535371363,41.347529752675186,41344.09683480289,359453.71499839955,7.162346565081544,375.7963911647393,156.0740296632914,107702.86797692913,15.682428287514947,36637520.93000877,44738.71819958741,0.23137006286491346,78.05725886453148,2211.5362769189564,4.499739859505915,5.940926166078843,1.64976787377262,0.7245509575888143,1.8458358789498563,0.33708332441827454,60.44419292723469,14.573961881592473,0.13370459057031697,0.6580391427495708,0.9245357845751975,41313.945235819534,0.2788756216052847,73.72389068736352,2268.6648180997,4.8846620788682795,7.815255113524693,2.394431803588407,1.1768892413180563,2.3468270273790774,0.206978141723898,56.05999049746561,15.229500165622547,0.14304835089391588,0.6350914906121136,1.048211746751224
26,26,102115.34035269846,14.35286668315885,14349.027096991476,166274.4129966628,3.978836677627369,189.81329572302027,77.80075142210072,50189.217182770124,10.348403958051021,31394432.091283143,18872.972257929683,0.09019624780371335,42.985915801332155,633.0368242233964,3.970391296850799,4.230371904210924,1.1721488455594156,0.6883480001959932,0.9236126724042704,0.03149510296905134,33.12648924808578,7.444644878258767,0.06617868794061048,0.3508337446712302,0.48096020847138593,14254.709441864165,0.09847112357001186,39.26849240819795,682.6345504290731,3.553245319634414,5.2497147135777755,1.575063547574729,1.1237983996668623,1.0552717132723386,0.0075187969804651755,29.376829705741688,7.509804518691303,0.06922340807227202,0.33330080551388797,0.4986332444860206
27,27,98074.5635529369,13.822674223774287,13819.222845099337,188285.37008237687,2.9356563913999594,235.72307931742463,97.08015154727056,55605.438214794885,7.184814150112525,21649648.566558667,19071.259075216538,0.08147322515317865,41.598359319008985,788.2082659991447,3.646083801300782,5.477652003582771,1.0180776396426865,0.6974101134841882,1.4446878649326145,0.03222456043113733,31.71261485994175,6.974792971839398,0.06198433662812128,0.34128124844658353,0.43770632665288656,13758.509521928443,0.0913685185324397,35.58896786199767,1020.799973555139,3.264349537664968,7.926666042366738,1.54322308033675,1.2903450946637847,2.0389974998367775,0.004768288376479285,27.25489684822101,7.116745345361992,0.06590480014972763,0.3129302263540554,0.46398415665995196
28,28,126448.2488848546,19.27061871409858,19271.128120832465,188446.2441998864,6.395007958623958,188.06772580316724,74.66443171442971,56133.52415358499,21.406893880470882,26013575.206780415,23677.243842558062,0.09571912717905308,39.75315729686784,805.1851629446599,3.8283820480152375,5.212624965985748,1.1918224879963972,0.7298939964787102,1.2689277581067917,0.036427016517974274,29.243068304617292,9.222540500561347,0.08319579188040865,0.33232133436018263,0.41099431004214065,18661.788647755242,0.10789095894272514,35.60673812272742,893.3211417721575,3.4640526565767153,6.856826552995385,1.9660371229990743,1.2272354724476926,1.6009598075431277,0.0286819470328499,25.14505169985537,9.087586512920778,0.08401759721059412,0.3143855134088102,0.43719414244478977
29,29,137049.07480232138,20.889614653357516,20889.52763746303,228793.43339842814,5.052610016711007,247.33129561712033,103.55832565034615,65043.58004623887,4.523545008117072,34850438.23401754,24866.33082941422,0.13256969467126445,53.7253105831761,1253.9549484981567,5.753193563287445,5.958658340505339,1.5367538222948929,1.0149475050518606,1.6771208235772057,0.034650170628305284,42.36828373534748,12.146089366483999,0.0954659395414365,0.46398025124043596,0.5958490631005624,20823.330148344998,0.14423793331066356,50.960920926003666,1439.4817486861182,5.251491232452391,7.1289132938666775,1.9867429713454152,1.2812456859847736,2.093662617614198,0.007577279782242572,37.07256164146104,11.615358315084974,0.09234831053325186,0.41568809493825415,0.6364111138467924
30,30,108898.35882213642,17.33447661823948,17331.57380005687,182576.23178588468,2.3463183062502253,209.14100039516717,81.98476413840794,54105.844107674886,6.625199829277758,20445492.401151158,22569.339971735233,0.07834461076965339,39.1453683248901,684.5906913073893,3.867561354905759,4.898460620569634,1.0783165644674113,0.7298885745397653,1.1422826315639547,0.03409516897028514,28.995795491745465,7.616535074553847,0.06814428584434624,0.3208270478279645,0.37644422149157586,17189.311461099554,0.08680192087433695,32.78714395449894,746.7547966987174,3.300761624492422,6.4748551661304585,1.8047615421693965,1.219719084493107,1.4070483213642697,0.0,23.97944147133188,7.3776524105026615,0.06769572044381598,0.28939708857788615,0.39895054498752214
31,31,108529.386764922,17.933020590255325,17931.089465962614,140640.54381322901,2.0826061483262595,177.800375800762,70.40971560893989,41852.64474441987,6.162035272461675,20641808.035842773,23339.072310894,0.07917794348454364,45.90597372970313,643.7962997536902,4.2123584630380755,4.683113204170088,1.103996607165096,0.706144818214891,1.1304557402899575,0.030307402679197473,37.609737006019024,6.597147793749238,0.05794634674290126,0.3718358603038469,0.4777099778189729,17857.482523551716,0.08687878032218772,40.42677170285712,775.882290852775,3.5878483227303186,6.438393033747156,1.9320947199509513,1.213802458374696,1.4971226162937161,0.06612601393997995,33.776553299377966,6.788791500669045,0.06252358635131001,0.35950424183834245,0.504729735592935
32,32,121953.94837087969,20.35268941553288,20351.144824803996,145905.67946096513,4.109314649159761,177.18302242499408,69.88607021956831,44111.459838646166,10.850044472496796,36474366.670672186,25003.34539350122,0.08924869626964799,51.68844352051539,776.6909906721738,4.583252099049316,5.300644262097821,1.2915481611980937,0.7591357588452601,1.4078983035688075,0.03760159694218433,44.89595039394614,5.928513444196789,0.05200002522210198,0.42936901525690413,0.6389646615607447,20098.793527292357,0.09833659632597347,49.424560891405775,1019.5678742617521,4.369167709803404,7.173267387656854,2.1114663497102044,1.2611519813162884,1.9200668764172497,0.08571655509267982,42.67475250178455,6.30337346605636,0.05772804432714737,0.4270182631929433,0.6789014973183513
33,33,111890.45301804107,21.02446468547523,21021.620347591637,128092.42193981707,5.458218661699599,147.74766342506936,59.323077520830175,38187.53310832547,13.012138271515266,19454039.805108633,25606.630983100622,0.0757265610003553,41.92882232068777,740.5510966810649,4.325135688654728,5.649950009071706,1.0936662599513103,0.80903469638053,1.3309979290516063,0.030996284430277736,32.13439927794375,7.4076940430072815,0.0655586367869922,0.3380794449869862,0.3976894720938439,20345.275226055433,0.08606631386091934,35.88541757968146,873.7922773476961,3.601452204608166,7.413528220886198,1.6969672375264824,1.281674743482815,1.7273848522077464,0.01280278835950375,26.890346670213376,7.241609221933344,0.06661583886184073,0.30945990378363997,0.42870317390502805
34,34,137086.7717234529,29.67851235419351,29673.04903791614,175597.3710157428,4.451469583470674,197.13472822391537,84.2025165926113,50984.53383770853,7.981791714681211,36078453.82118958,32432.355710030562,0.10108697289016201,47.5462705349986,1546.854833016722,4.909554701935342,5.763652662263565,1.34905258141213,0.9893954740151084,2.2264086028466856,0.044885742328109754,34.0177045033007,9.716054697766753,0.08223964745446474,0.38816438033566975,0.47020361905507396,29547.17618154921,0.11263442905775035,45.96572122377954,1674.5462183336904,5.6246567881028176,6.712253084838449,1.4930214467934146,1.281575351384635,2.588998233619583,0.013338966319685707,31.2168465204495,9.7425478850118,0.08254969141089215,0.3643594804510733,0.5004682177522565
35,35,128628.39782695286,30.016310642381193,30016.049165387656,145305.95323112144,3.540765499604832,183.1589673341256,75.52731354700244,43478.00248227884,5.550232189230816,35628790.4845987,31914.00062878598,0.09470908928610045,53.074339567695226,1363.3347548724487,4.992884992533246,6.081562644197156,1.2873666461654771,1.048569542212968,2.138693878791933,0.037376359501046015,41.678588955339336,8.395644033385171,0.07102525817394356,0.43903852240131025,0.569717129083156,29938.32928642656,0.10486029076832552,51.756781901279474,1587.119210170115,5.610850517802704,7.165858375817712,1.356215734154982,1.3472508000589427,2.5264831356140856,0.05302824080808819,39.51011240679738,8.64002214824649,0.07360095591546373,0.42327259828834807,0.6033452143403414
36,36,106348.44956385251,23.04721992987583,23045.97736974367,102708.9213298699,4.6755850787514674,125.82281898829112,48.772983891086696,31255.83317762726,10.012648462279897,19248951.907693855,27252.169757087584,0.07276884128696608,46.87941639840861,620.0652190316284,4.627329746794644,5.008584655182751,1.1099427654103013,0.7936357382043611,1.1031418477685884,0.029339165138060185,38.91598766878718,7.034719932200051,0.061492645621726745,0.3800750544057576,0.43629137697281595,22318.135861061164,0.08197936598150944,40.8628750259993,733.5845982855881,3.7282568848501936,6.498264263843172,1.8415503775517745,1.2430693944729494,1.4102094455279481,0.06191733932041198,34.34959468685328,6.974197097991607,0.06400155461270653,0.36529825802702937,0.4696314215955897
37,37,101554.69771830051,24.22043826530997,24218.42964043778,135627.11395296545,3.4722625158666833,170.9419815157901,68.04905053751183,38895.04025957605,3.475685607118195,36218055.86111693,26311.51479676509,0.08788539424460833,54.92294213741616,876.9561493967476,5.448073051309922,6.165584260405027,1.4807103857063206,1.0575400877096117,1.372498774761477,0.023325293544941773,46.647829962146226,8.74357310644154,0.07046236266654593,0.43710583290534216,0.5204124900252086,24033.172924467577,0.09320645371364991,54.47693210098132,999.6879156320801,5.114431024185805,7.120741666159441,1.8727449421972788,1.2910402127307645,1.5927497709254286,0.03739597504422634,44.94608794279812,8.964404858674794,0.07167702971031005,0.4170216332769065,0.5393196979481394
38,38,87379.27245758862,22.25899633333488,22259.25158743827,115939.96809332215,1.5041758497679776,148.8135717195592,57.05263018764531,34614.93735427287,4.835607735218747,20808378.4069022,27269.887258748597,0.061747317735493884,45.099089667481756,691.3538727191822,4.624070106432087,5.3813276619588795,1.1095141486823772,0.8514180873346039,1.2276148433967948,0.029322957760488835,36.144905796277776,7.705556377954523,0.06745925567052515,0.36006272077406726,0.33285723484151303,22192.620803879767,0.0705166032197022,39.289114786767044,796.5133169716189,3.920820187932955,6.892687411887784,1.7406661729398654,1.2721042965947882,1.5561096719189853,0.0457768270288149,31.116586702126135,7.3024650645425435,0.06664317271756434,0.33825571543955446,0.36083302946815937
39,39,102563.60847574216,30.397076731724884,30394.52096603923,136161.52361716746,3.247950888802074,150.7035281633694,58.86753483911404,38587.05970204748,3.795661388368771,34608559.83235411,32717.218731387577,0.08513369997597257,48.926339145947,662.5510923376958,5.432864109000913,4.37577655486279,1.5034469067048135,0.9157266597742897,0.8715406605477655,0.023057256745491226,38.38324638146481,9.426238739788632,0.08049525363343503,0.39903364216399867,0.43962269739838367,30308.67305438493,0.08934949273250731,47.96759280840821,692.3245175664238,5.535000643027926,4.816639259975748,1.5783615754027407,1.0876700411837843,0.9399281351390104,0.02935234479137755,35.856898855418486,9.204389956400927,0.07889619306373624,0.3911345914657917,0.4521755131368048
40,40,95041.93167924674,36.16532261591029,36166.16009926005,102415.88851972145,2.402345244258413,140.07450573674254,53.888270133488085,30190.142167071823,5.096149129937613,37963842.08536155,39356.790657859856,0.07951614942757491,60.890597796858565,783.5961124292747,5.208434649513373,5.4281094734852395,1.522931666377183,0.9143771548950109,1.347104527345222,0.04976645379520993,55.67756713346055,6.216991535458973,0.05435658477843401,0.5201339879230945,0.6370961454323635,36067.36490972072,0.08931647785785012,58.909757278329806,935.1995553202889,4.868671258840349,6.707031224002575,2.1315154208773373,1.275405858417982,1.6909092197694988,0.08114737582164103,52.81393943669999,5.7862148365985675,0.05263565756433912,0.5253722561980366,0.686127361415311
41,41,80007.1948644835,34.482182302697574,34479.15536980824,141814.23793382288,2.87335799229712,149.54048752542468,57.41668522896371,39858.49319987868,6.444579894781079,34885512.455092,39290.284669042274,0.0656415597168698,42.89834141830713,725.1787993317174,4.601329421081553,5.421083120559289,1.3265302328374002,0.8970232033294973,1.2169968951024521,0.03368435992860047,33.909222572959635,9.553796549251572,0.08448314086335572,0.34889813085085414,0.29910554827014085,34403.24705384761,0.07467400884649143,36.91197235790058,807.3027935371296,4.2163863067565615,6.671947109536444,1.953230011723991,1.2554112360111447,1.4888549896661787,0.058128764598055216,27.734696512439836,8.552861236193458,0.07595797337003311,0.325977739598953,0.32085639423460693
42,42,77776.90695732189,38.161964437269496,38158.246678533105,100620.77457892765,2.205999160311598,119.90627623055639,46.60567346550159,28495.22655328261,3.4019158744768787,35928998.89398445,40644.99541064944,0.07281378811443183,55.48313356941165,546.2766148025264,5.280047426141443,4.298742547334255,1.3976361504407735,0.9062804456068545,0.8337878532726923,0.03899957494538462,49.520133765425996,8.293379274859031,0.07225013311042575,0.46025430595723077,0.4691582364643648,38110.995366311916,0.07886833201770542,54.15235996237394,595.6762572409267,5.018578898478148,4.874614227572943,1.5657712076789687,1.111118197448338,0.937703750498953,0.06419200409097815,46.19807529496451,7.374373398635611,0.06590913999262565,0.4634156725067196,0.4989866819307128
43,43,66472.48453006701,35.90662337695487,35906.80611815819,90400.887186094,1.871336150359157,121.86707114983898,46.66878295170685,27529.524987945013,3.7843915009618385,35367237.894437075,38337.769035905265,0.060470170506412284,54.36603849891665,916.2755852595961,5.0423292526833015,6.439755982601618,1.2508444527788387,1.0279178999987715,1.590151544494816,0.04676307966764413,47.722244494887114,8.241764064614891,0.07165808717651768,0.44670330441816836,0.39920189385168986,35848.51076502811,0.0694479669434942,50.97812631065019,1064.4778083961276,4.542253977459005,7.714161279951256,1.5444798881145716,1.350411178771341,1.925726757423261,0.07829621668706416,43.53588762683687,7.131862580231498,0.06434731986973712,0.44021515404026773,0.4387531160163378
44,44,71940.02140686037,38.19192977509873,38194.27686048893,133051.13646975494,3.139237646595425,141.28099178508668,57.610042128415905,37058.15883705126,2.7708289811596614,36912832.25068048,39668.242232384604,0.07845731425519716,47.44520987350404,1079.6746007508882,5.636416920437228,7.200915149534099,1.593172556122821,1.1611403048327948,1.6813703008793468,0.026080135698852435,40.38526734838252,10.979466471626177,0.08832647873358072,0.3878342198570144,0.39829578216085665,38201.003886048464,0.08520445016634057,46.12289805970406,1204.078398303354,5.489770772796762,8.061489715485502,1.8732595675342436,1.3585657566301006,1.9202137031242288,0.025518974203716124,35.724880317229925,9.947479725017809,0.0764519990213459,0.36120065622366826,0.4228771280476435
45,45,72809.14332504391,46.82755285522512,46829.46736330423,99231.84720446213,2.583199192538234,107.93240049367037,42.440618026450714,26659.3260895711,2.792781378852237,38570787.54892362,47434.443714348905,0.07702522814767622,106.64766342094259,873.084556570014,7.372565534282051,6.21368387817381,1.8812087443329093,1.120715828866724,1.4137338572666094,0.04246585959322037,95.46311504124532,7.851833686514336,0.06683097938902707,0.9555739820001535,0.7286598170067687,46874.87595550348,0.0851364567718337,119.61561740896337,955.2997953518815,8.44244352561354,6.944255872269456,2.2517622140165368,1.3165836076430173,1.600378744917017,0.05646568140296688,93.90134346557818,6.751587970999937,0.05768200697396788,1.0759092587209336,0.8115095300274591
46,46,44857.89985762238,36.77721212748187,36777.03334417949,91024.03688618496,2.1696850392209504,107.02510509787407,40.44289000053685,26604.659933865394,3.4547312695468673,35869183.42402389,42005.019779682334,0.047783653525919415,52.23774069022231,734.0249780389148,5.01038693293989,5.557091371698353,1.4417576497774984,0.9949494468012795,1.214171536401625,0.03360093309396001,48.4216012914499,11.488304489526124,0.10028678209912346,0.43003070994682074,0.2853753616646485,36766.799071095564,0.055845042510021675,46.880966022256,810.7381259904562,4.344964444702982,6.498894681371454,1.9192762046929388,1.2723641251397162,1.4448450235457808,0.06542119262329668,38.30797037929478,8.09990964372569,0.0726159107565265,0.4128968062624086,0.3129690149481106
47,47,54621.92502379665,41.817985046726825,41815.254533880565,108683.94254912835,2.140343820122598,125.34040602673895,49.7500205981274,29264.65577919926,1.9192850686469372,38103822.583882995,44069.17131623378,0.07789845419120309,61.040752280632276,921.4639021612012,6.027815037444917,6.556433791927731,1.858373361413934,1.1653486120920724,1.4417146562540673,0.035228719845838724,59.47516445591908,9.02522558219844,0.0742890314631819,0.5004972759003301,0.5148745961430975,41831.861639623174,0.08280786974556359,61.300930461654424,1003.937592380503,6.282850012190376,7.155704302428176,2.1306368607348216,1.3197705723814879,1.594114316549067,0.043534454286212734,55.97213078022275,7.538309190812108,0.059818186274291585,0.490276573669573,0.5384812566474338
48,48,34584.77194681924,35.35304309694151,35348.026142757524,106061.10783944916,2.313155341953042,123.51380063377934,43.45513485093431,30829.04803695943,1.7992736252279977,37583349.856974415,38650.92963383712,0.0584538388471659,52.68074436094093,855.707818640029,5.812143939985552,6.380201411733085,1.8138566385341348,1.1661987748996496,1.307207587178356,0.031049246961736818,51.269521044737374,11.33625426990388,0.09375784269698206,0.43266957608755935,0.3307577787835356,35372.844155767685,0.06148840858759418,51.83769356581014,928.1462776127258,5.810329371669545,7.002410376589541,2.052182545733317,1.3124210109134702,1.4426750110713515,0.03569366675819091,43.81401411093078,9.013459455140815,0.06950391480167897,0.4117269735692475,0.3440074631192306
49,49,73291.00403454565,47.99435031277942,47990.00626289856,135452.80106840577,2.5360212554783566,106.14852120633756,46.93364726067597,38889.15431051804,5.2441501521072045,38586146.61405844,53019.55782979405,0.07732820470605041,115.16608793090086,1032.3074270147554,6.312930421740035,6.283666632555389,1.9227111510845676,1.0087087751024717,1.6751251150629551,0.06890684160071668,24.855098401091738,8.910911730327566,0.06494083007992899,0.940025042046954,0.5850242984325101,48065.691055443014,0.08373321310482852,111.7027049694587,1149.8694453259568,6.639295202886676,7.1580369311312575,2.3568924654557764,1.2359668990883534,1.8809731953396935,0.093765117387232,17.021679231341473,7.940421947955935,0.052029921068161185,0.9359458477008872,0.6333864364818758
